{"cameraMode":{"drawMode":0,"name":"Shaded","section":"Shading Mode"},"sceneLighting":true,"audioPlay":false,"sceneViewState":{"showFog":true,"showMaterialUpdate":false,"showSkybox":true,"showFlares":true,"showImageEffects":true,"showParticleSystems":true},"in2DMode":false,"pivot":{"x":13.1875,"y":10.569697380065918,"z":-2.8968520164489748},"rotation":{"x":0.06769570708274842,"y":-0.6551409959793091,"z":0.05912220478057861,"w":0.750141441822052},"size":27.901453018188478,"orthographic":true}